Workbook

Sheet Geral - Todas Entidades
A1: CATÁLOGO DE INSTITUIÇÕES - PORTO ALEGRE E REGIÃO METROPOLITANA
A2: Mapeamento oficial com endereços, bairros e CEPs para Google My Maps e sistemas de geolocalização
A4: Entidade / Nome | B4: Categoria | C4: Tipo / Segmento | D4: Logradouro / Endereço | E4: Bairro | F4: Município | G4: CEP | H4: Observações / Detalhes
A5: Colégio Farroupilha | B5: Escola | C5: Privada / Tradicional | D5: Rua Carlos Huber, 425 | E5: Três Figueiras | F5: Porto Alegre | G5: 91330-150 | H5: Ensino Infantil ao Médio
A6: Colégio Anchieta | B6: Escola | C6: Privada / Jesuíta | D6: Av. Nilo Peçanha, 1521 | E6: Boa Vista | F6: Porto Alegre | G6: 91330-000 | H6: Ensino Infantil ao Médio
A7: Colégio Marista Champagnat | B7: Escola | C7: Privada / Marista | D7: Av. Ipiranga, 6681 - Prédio 12 | E7: Partenon | F7: Porto Alegre | G7: 90619-900 | H7: Campus da PUCRS
A8: Colégio Marista Rosário | B8: Escola | C8: Privada / Marista | D8: Praça Dom Sebastião, 2 | E8: Independência | F8: Porto Alegre | G8: 90035-080 | H8: Tradicional da região central
A9: Colégio João XXIII | B9: Escola | C9: Privada / Cooperativa | D9: Rua Sepé Tiaraju, 1013 | E9: Medianeira | F9: Porto Alegre | G9: 90840-000 | H9: Foco comunitário e pedagógico
A10: Colégio Militar de Porto Alegre (CMPA) | B10: Escola | C10: Pública / Federal | D10: Av. José Bonifácio, 363 | E10: Bom Fim | F10: Porto Alegre | G10: 90040-130 | H10: Em frente ao Parque da Redenção
A11: Colégio de Aplicação da UFRGS | B11: Escola | C11: Pública / Federal | D11: Av. Bento Gonçalves, 9500 | E11: Agronomia | F11: Porto Alegre | G11: 91501-970 | H11: Campus do Vale
A12: Colégio Santa Inês | B12: Escola | C12: Privada / Católica | D12: Av. Protásio Alves, 2493 | E12: Petrópolis | F12: Porto Alegre | G12: 90410-006 | H12: Tradicional na Zona Leste
A13: Colégio Metodista Americano | B13: Escola | C13: Privada / Metodista | D13: Rua Dr. Lauro de Oliveira, 71 | E13: Rio Branco | F13: Porto Alegre | G13: 90420-210 | H13: Tradicional instituição de ensino
A14: Colégio Leonardo da Vinci (Alfa) | B14: Escola | C14: Privada | D14: Rua Santos Neto, 100 | E14: Floresta | F14: Porto Alegre | G14: 90220-020 | H14: Zona Norte / Central
A15: Colégio Bom Conselho | B15: Escola | C15: Privada / Franciscana | D15: Rua Ramiro Barcelos, 996 | E15: Independência | F15: Porto Alegre | G15: 90035-001 | H15: Ensino Infantil a Médio
... A66: Associação Comercial e Industrial de Cachoeirinha (ACC) | B66: Associação | C66: Empresarial | D66: Av. Flores da Cunha, 4030 | E66: Distrito Industrial | F66: Cachoeirinha | G66: 94910-003 | H66: Distrito industrial de Cachoeirinha

Sheet Escolas
A1: ESCOLAS E COLÉGIOS - PORTO ALEGRE E GRANDE POA
A2: Instituições públicas e privadas de Ensino Básico e Médio
A4: Entidade / Nome | B4: Categoria | C4: Tipo / Segmento | D4: Logradouro / Endereço | E4: Bairro | F4: Município | G4: CEP | H4: Observações / Detalhes
A5: Colégio Farroupilha | B5: Escola | C5: Privada / Tradicional | D5: Rua Carlos Huber, 425 | E5: Três Figueiras | F5: Porto Alegre | G5: 91330-150 | H5: Ensino Infantil ao Médio
A6: Colégio Anchieta | B6: Escola | C6: Privada / Jesuíta | D6: Av. Nilo Peçanha, 1521 | E6: Boa Vista | F6: Porto Alegre | G6: 91330-000 | H6: Ensino Infantil ao Médio
A7: Colégio Marista Champagnat | B7: Escola | C7: Privada / Marista | D7: Av. Ipiranga, 6681 - Prédio 12 | E7: Partenon | F7: Porto Alegre | G7: 90619-900 | H7: Campus da PUCRS
A8: Colégio Marista Rosário | B8: Escola | C8: Privada / Marista | D8: Praça Dom Sebastião, 2 | E8: Independência | F8: Porto Alegre | G8: 90035-080 | H8: Tradicional da região central
A9: Colégio João XXIII | B9: Escola | C9: Privada / Cooperativa | D9: Rua Sepé Tiaraju, 1013 | E9: Medianeira | F9: Porto Alegre | G9: 90840-000 | H9: Foco comunitário e pedagógico
A10: Colégio Militar de Porto Alegre (CMPA) | B10: Escola | C10: Pública / Federal | D10: Av. José Bonifácio, 363 | E10: Bom Fim | F10: Porto Alegre | G10: 90040-130 | H10: Em frente ao Parque da Redenção
A11: Colégio de Aplicação da UFRGS | B11: Escola | C11: Pública / Federal | D11: Av. Bento Gonçalves, 9500 | E11: Agronomia | F11: Porto Alegre | G11: 91501-970 | H11: Campus do Vale
A12: Colégio Santa Inês | B12: Escola | C12: Privada / Católica | D12: Av. Protásio Alves, 2493 | E12: Petrópolis | F12: Porto Alegre | G12: 90410-006 | H12: Tradicional na Zona Leste
A13: Colégio Metodista Americano | B13: Escola | C13: Privada / Metodista | D13: Rua Dr. Lauro de Oliveira, 71 | E13: Rio Branco | F13: Porto Alegre | G13: 90420-210 | H13: Tradicional instituição de ensino
A14: Colégio Leonardo da Vinci (Alfa) | B14: Escola | C14: Privada | D14: Rua Santos Neto, 100 | E14: Floresta | F14: Porto Alegre | G14: 90220-020 | H14: Zona Norte / Central
A15: Colégio Bom Conselho | B15: Escola | C15: Privada / Franciscana | D15: Rua Ramiro Barcelos, 996 | E15: Independência | F15: Porto Alegre | G15: 90035-001 | H15: Ensino Infantil a Médio
... A27: Colégio Cenecista Frederico Michaelsen | B27: Escola | C27: Privada / CNEC | D27: Rua Flores da Cunha, 1200 | E27: Centro | F27: Cachoeirinha | G27: 94910-000 | H27: Rede cenecista

Sheet Igrejas
A1: IGREJAS E TEMPLOS RELIGIOSOS - PORTO ALEGRE E GRANDE POA
A2: Patrimônio histórico, templos católicos, protestantes e ecumênicos
A4: Entidade / Nome | B4: Categoria | C4: Tipo / Segmento | D4: Logradouro / Endereço | E4: Bairro | F4: Município | G4: CEP | H4: Observações / Detalhes
A5: Catedral Metropolitana de Porto Alegre (N. Sra. Mãe de Deus) | B5: Igreja | C5: Católica | D5: Rua Duque de Caxias, 1047 | E5: Centro Histórico | F5: Porto Alegre | G5: 90010-282 | H5: Marco arquitetônico e histórico da capital
A6: Igreja Nossa Senhora das Dores | B6: Igreja | C6: Católica | D6: Rua dos Andradas, 587 | E6: Centro Histórico | F6: Porto Alegre | G6: 90020-003 | H6: Igreja mais antiga de Porto Alegre
A7: Igreja São José | B7: Igreja | C7: Católica | D7: Rua Alberto Bins, 452 | E7: Centro Histórico | F7: Porto Alegre | G7: 90030-140 | H7: Centro financeiro e comercial
A8: Igreja da Candelária | B8: Igreja | C8: Católica | D8: Rua Candelária, 110 | E8: Floresta | F8: Porto Alegre | G8: 90240-200 | H8: Fundada em 1940
A9: Santuário Nossa Senhora do Rosário | B9: Igreja | C9: Católica | D9: Rua Vigário José Inácio, 402 | E9: Centro Histórico | F9: Porto Alegre | G9: 90020-110 | H9: Praça Otávio Rocha
A10: Igreja Matriz Nossa Senhora dos Navegantes | B10: Igreja | C10: Católica | D10: Praça Navegantes, 41 | E10: Navegantes | F10: Porto Alegre | G10: 90240-000 | H10: Palco da tradicional Festa dos Navegantes
A11: Paróquia Menino Deus | B11: Igreja | C11: Católica | D11: Rua José de Alencar, 477 | E11: Menino Deus | F11: Porto Alegre | G11: 90150-101 | H11: Igreja histórica do primeiro arrabalde
A12: Igreja Evangélica de Confissão Luterana no Brasil (Igreja da Reconciliação) | B12: Igreja | C12: Luterana (IECLB) | D12: Rua Senhor dos Passos, 202 | E12: Centro Histórico | F12: Porto Alegre | G12: 90020-180 | H12: Destaque do protestantismo histórico
A13: Primeira Igreja Batista de Porto Alegre (PIB) | B13: Igreja | C13: Batista | D13: Rua Silva Jardim, 381 | E13: Bela Vista | F13: Porto Alegre | G13: 90450-070 | H13: Fundada no início do século XX
A14: Igreja Episcopal Anglicana do Brasil (Catedral da Santíssima Trindade) | B14: Igreja | C14: Anglicana | D14: Rua dos Andradas, 880 | E14: Centro Histórico | F14: Porto Alegre | G14: 90020-005 | H14: Sede da Diocese Anglicana
A15: Igreja Ortodoxa Grega dos Santos Apóstolos | B15: Igreja | C15: Ortodoxa | D15: Rua Dona Laura, 1097 | E15: Mont'Serrat | F15: Porto Alegre | G15: 90430-091 | H15: Comunidade helênica de POA
... A25: Igreja Matriz Santo Antônio | B25: Igreja | C25: Católica | D25: Rua Roberto de Souza Feijó, 50 | E25: Bela Vista | F25: Alvorada | G25: 94810-000 | H25: Principal referência católica no centro

Sheet Associações
A1: ASSOCIAÇÕES DE CLASSE, COMUNITÁRIAS E CLUBES - PORTO ALEGRE E GRANDE POA
A2: Entidades empresariais, sindicais, beneficentes e clubes sociais
A4: Entidade / Nome | B4: Categoria | C4: Tipo / Segmento | D4: Logradouro / Endereço | E4: Bairro | F4: Município | G4: CEP | H4: Observações / Detalhes
A5: Associação Comercial de Porto Alegre (ACPA) | B5: Associação | C5: Comercial / Empresarial | D5: Largo Visconde de Cairú, 17 - Palácio do Comércio | E5: Centro Histórico | F5: Porto Alegre | G5: 90030-110 | H5: Fundada em 1858, sede histórica
A6: Associação Médica do Rio Grande do Sul (AMRIGS) | B6: Associação | C6: Profissional / Saúde | D6: Av. Ipiranga, 5311 | E6: Partenon | F6: Porto Alegre | G6: 90610-001 | H6: Grande centro de eventos e saúde
A7: Associação dos Juízes do Rio Grande do Sul (AJURIS) | B7: Associação | C7: Jurídica / Profissional | D7: Rua Celeste Gobbato, 81 | E7: Praia de Belas | F7: Porto Alegre | G7: 90110-160 | H7: Escola Superior da Magistratura
A8: Associação dos Advogados de Porto Alegre | B8: Associação | C8: Jurídica | D8: Rua dos Andradas, 1261 | E8: Centro Histórico | F8: Porto Alegre | G8: 90020-009 | H8: Apoio à classe jurídica local
A9: Associação Leopoldina Juvenil | B9: Associação | C9: Social / Esportiva | D9: Rua Marquês do Herval, 280 | E9: Moinhos de Vento | F9: Porto Alegre | G9: 90540-000 | H9: Clube social tradicional fundado em 1863
A10: Grêmio Náutico União | B10: Associação | C10: Social / Esportiva | D10: Rua Quintino Bocaiúva, 500 | E10: Moinhos de Vento | F10: Porto Alegre | G10: 90440-050 | H10: Sede Moinhos de Vento e Ilha do Pavão
A11: Sociedade de Ginástica Porto Alegre (SOGIPA) | B11: Associação | C11: Social / Esportiva | D11: Rua Barão de Cotegipe, 400 | E11: São João | F11: Porto Alegre | G11: 90540-020 | H11: Centro olímpico e poliesportivo
A12: Associação Comunitária do Bairro Menino Deus | B12: Associação | C12: Comunitária / Bairro | D12: Av. Getúlio Vargas, 1150 | E12: Menino Deus | F12: Porto Alegre | G12: 90150-002 | H12: Articulação de moradores
A13: Associação Riograndense de Imprensa (ARI) | B13: Associação | C13: Comunicação / Imprensa | D13: Av. Borges de Medeiros, 860 | E13: Centro Histórico | F13: Porto Alegre | G13: 90020-024 | H13: Entidade representativa de jornalistas
A14: Associação Brasileira de Bares e Restaurantes (ABRASEL RS) | B14: Associação | C14: Setorial / Gastronomia | D14: Rua Tobias da Silva, 120 | E14: Moinhos de Vento | F14: Porto Alegre | G14: 90570-050 | H14: Setor gastronômico e hotelaria
A15: Associação Gaúcha de Supermercados (AGAS) | B15: Associação | C15: Varejo / Empresarial | D15: Rua Dona Margarida, 320 | E15: Navegantes | F15: Porto Alegre | G15: 90240-610 | H15: Entidade do setor supermercadista
... A22: Associação Comercial e Industrial de Cachoeirinha (ACC) | B22: Associação | C22: Empresarial | D22: Av. Flores da Cunha, 4030 | E22: Distrito Industrial | F22: Cachoeirinha | G22: 94910-003 | H22: Distrito industrial de Cachoeirinha

Sheet Resumo & Métricas
A1: PAINEL DE CONTROLE & ESTATÍSTICAS DO MAPEAMENTO
A2: Distribuição territorial e segmentação por município e categoria
A4: TOTAL ENTIDADES | B4: ESCOLAS | C4: IGREJAS | D4: ASSOCIAÇÕES | E4: MUNICÍPIOS CONTEMPLADOS
A5: =COUNTA('Geral - Todas Entidades'!A5:A100) -> 62 | B5: =COUNTA(Escolas!A5:A100) -> 23 | C5: =COUNTA(Igrejas!A5:A100) -> 21 | D5: =COUNTA(Associações!A5:A100) -> 18 | E5: 8 Cidades
A7: Distribuição de Entidades por Município
A8: Município | B8: Região | C8: Escolas | D8: Igrejas | E8: Associações | F8: Total Geral
A9: Porto Alegre | B9: Capital | C9: =COUNTIFS(Escolas!F5:F100, "Porto Alegre") -> 15 | D9: =COUNTIFS(Igrejas!F5:F100, "Porto Alegre") -> 14 | E9: =COUNTIFS(Associações!F5:F100, "Porto Alegre") -> 12 | F9: =SUM(C9:E9) -> 41
A10: Canoas | B10: Grande POA / Metropolitana | C10: =COUNTIFS(Escolas!F5:F100, "Canoas") -> 2 | D10: =COUNTIFS(Igrejas!F5:F100, "Canoas") -> 1 | E10: =COUNTIFS(Associações!F5:F100, "Canoas") -> 1 | F10: =SUM(C10:E10) -> 4
A11: Novo Hamburgo | B11: Vale do Sinos | C11: =COUNTIFS(Escolas!F5:F100, "Novo Hamburgo") -> 1 | D11: =COUNTIFS(Igrejas!F5:F100, "Novo Hamburgo") -> 1 | E11: =COUNTIFS(Associações!F5:F100, "Novo Hamburgo") -> 1 | F11: =SUM(C11:E11) -> 3
A12: São Leopoldo | B12: Vale do Sinos | C12: =COUNTIFS(Escolas!F5:F100, "São Leopoldo") -> 1 | D12: =COUNTIFS(Igrejas!F5:F100, "São Leopoldo") -> 1 | E12: =COUNTIFS(Associações!F5:F100, "São Leopoldo") -> 1 | F12: =SUM(C12:E12) -> 3
A13: Gravataí | B13: Grande POA / Metropolitana | C13: =COUNTIFS(Escolas!F5:F100, "Gravataí") -> 1 | D13: =COUNTIFS(Igrejas!F5:F100, "Gravataí") -> 1 | E13: =COUNTIFS(Associações!F5:F100, "Gravataí") -> 1 | F13: =SUM(C13:E13) -> 3
A14: Viamão | B14: Grande POA / Metropolitana | C14: =COUNTIFS(Escolas!F5:F100, "Viamão") -> 1 | D14: =COUNTIFS(Igrejas!F5:F100, "Viamão") -> 1 | E14: =COUNTIFS(Associações!F5:F100, "Viamão") -> 0 | F14: =SUM(C14:E14) -> 2
A15: Cachoeirinha | B15: Grande POA / Metropolitana | C15: =COUNTIFS(Escolas!F5:F100, "Cachoeirinha") -> 1 | D15: =COUNTIFS(Igrejas!F5:F100, "Cachoeirinha") -> 1 | E15: =COUNTIFS(Associações!F5:F100, "Cachoeirinha") -> 1 | F15: =SUM(C15:E15) -> 3
A16: Alvorada | B16: Grande POA / Metropolitana | C16: =COUNTIFS(Escolas!F5:F100, "Alvorada") -> 1 | D16: =COUNTIFS(Igrejas!F5:F100, "Alvorada") -> 1 | E16: =COUNTIFS(Associações!F5:F100, "Alvorada") -> 1 | F16: =SUM(C16:E16) -> 3
A17: Total Geral | B17: - | C17: =SUM(C9:C16) -> 23 | D17: =SUM(D9:D16) -> 21 | E17: =SUM(E9:E16) -> 18 | F17: =SUM(F9:F16) -> 62
A19: Guia Rápido: Como Importar esta Planilha no Google My Maps
A20: 1. Acesse https://mymaps.google.com e clique em 'Criar um novo mapa'.
A21: 2. Na camada padrão, clique no botão azul 'Importar'.
A22: 3. Selecione este arquivo .xlsx ou salve a aba 'Geral - Todas Entidades' / abas específicas.
A23: 4. Ao selecionar as colunas de localização, marque 'Logradouro / Endereço', 'Bairro', 'Município' e 'CEP'.
A24: 5. Ao selecionar o título dos marcadores no mapa, escolha 'Entidade / Nome'.
A25: 6. Para colorir os pinos automaticamente, clique em 'Estilo por coluna' e escolha 'Categoria'.
